top_skills,job_category,why_this_company,why_me
"Python, SQL, and Excel",data role,"FlightHub Group stands out as a dynamic and resilient leader in the travel industry with its brands FlightHub and Justfly achieving top rankings in North America. I am inspired by the company's ambitious mission to become the number one travel agency globally, demonstrating a relentless pursuit of innovation and excellence. FlightHub’s dedication to bouncing back stronger post-pandemic and their significant market presence serving over 3 million customers annually are testament to its strong values and visionary leadership. Being an integral part of a company that values big dreams and passionate pursuit resonates deeply with my career aspirations. The collaborative culture and growth opportunities at FlightHub align perfectly with my professional goals, and I am eager to contribute to their continued success and innovation.","With over two years of experience as a Data Analyst, I bring a proven track record in SQL, Excel, and data quality assurance, aligning well with FlightHub’s job requirements. My role in engineering predictive models and optimizing data workflows has contributed to significant improvements in decision-making accuracy and operational efficiency. My expertise in developing automated ETL scripts and visualizing data through tools like Power BI demonstrates my ability to handle complex data sets with precision and clarity. I am deeply passionate about the travel industry and eager to leverage my analytical skills to support FlightHub's mission and growth trajectory. Plus, I haven't given up my quest to perfect homemade pizza, and hope to bring that same passion for craftsmanship to the interview!"
"Python, Google Analytics, and Shopify/E-commerce platforms",data role,"Vivier Pharma stands out in the pharmaceutical skincare industry with over 20 years of expertise, epitomizing excellence and innovation. The company's mission to provide high-quality aesthetic products aligns seamlessly with my passion for the intersection of data and healthcare. Vivier Pharma’s diverse product line and significant market presence in both Canada and the US demonstrate its leadership and commitment to growth. The company's hybrid work model, focus on employee benefits, and vibrant, inclusive culture speak volumes about its dedication to employee well-being and professional growth. I am particularly excited about the opportunity to contribute to Vivier Pharma’s strategic direction in the e-commerce space, leveraging data insights to drive meaningful business decisions, and to be part of a team that values innovation and collaboration.","With over 2 years of experience as a Data Analyst, I have honed my skills in machine learning, data visualization, and big data analysis—aligning perfectly with the needs of Vivier Pharma. My work at IA Flow Elements, where I boosted data processing efficiency by 40% and enhanced business processes through custom Python scripts and Power BI dashboards, demonstrates my ability to drive data-driven decision-making and improve operational efficiency. My proficiency with tools like Google Analytics and Shopify, coupled with my solid background in e-commerce data analytics, positions me well to excel in this role. I am passionate about helping Vivier Pharma optimize its e-commerce strategies to better serve its clientele and drive growth. Plus, I am looking forward to perfecting my homemade pizza recipe before our interview!"
"Power BI, SQL, and Python",data role,"Value Partners Investments (VPI) has a commendable mission of building client wealth through wise investments and clear communication, which resonates deeply with my professional values. The company's impressive track record of creating over $1.8 billion in investment gains and managing over $4.7 billion in assets highlights its strong market position and commitment to excellence. VPI's recognition as one of Canada's fastest-growing companies and its focus on fostering a great workplace culture make it an exciting place to grow my career. I am particularly drawn to VPI's data-driven strategy and the opportunity to contribute to its continued success through innovative data analysis and visualization. The alignment of VPI's strategic direction with my career aspirations in the financial services industry makes this an ideal opportunity for me.","With over 2+ years of experience as a Data Analyst, I have honed my skills in data visualization, machine learning, and big data analysis, making me a strong fit for the Data Analyst role at Value Partners Investments. My expertise in Power BI, SQL, and Python, coupled with my experience in developing predictive models and optimizing data workflows, aligns perfectly with the job requirements. Notably, my work in enhancing decision-making accuracy and boosting data processing efficiency demonstrates my ability to drive informed business decisions. I am passionate about the financial services industry and excited about the opportunity to contribute to VPI's data-driven strategy. Additionally, I am on a never-ending quest to perfect my homemade pizza, and I hope to master it before our interview call!"
"Python, Power BI, and Excel",data role,"Actalent is a global leader in engineering and sciences services, known for its commitment to diversity, equity, and inclusion. The company's mission to advance engineering and science initiatives through specialized experts aligns perfectly with my career aspirations. Actalent's reputation for fostering innovation and providing rapid market solutions is impressive. I am particularly excited about the opportunity to contribute to a company that values continuous self-reflection and growth, ensuring a supportive and inclusive environment. The chance to work with a network of nearly 30,000 consultants and over 4,500 clients, including many Fortune 500 companies, presents an incredible opportunity for professional development and impact.","With over 2+ years of experience as a Data Analyst, I have honed my skills in machine learning, data visualization, and big data analysis. My achievements include engineering a predictive model that improved sales projections accuracy by 15% and boosting data processing efficiency by 40% through custom Python scripts. My experience in developing Power BI dashboards and optimizing data workflows aligns well with Actalent's needs. I am passionate about data analytics and thrive in collaborative environments where creativity and data intersect. Additionally, I am on a quest to perfect my homemade pizza, and I hope to master it before our interview call!"
"Python, Microsoft Office suite (Outlook, Visio, Project, PowerPoint, Word, Excel, and SharePoint), and Data analysis",data role,"The University Health Network (UHN) stands out as a beacon of excellence in healthcare, research, and education. With a mission to transform lives and communities through excellence in care, discovery, and learning, UHN's commitment to patient-centered care and groundbreaking research is truly inspiring. The network's comprehensive range of services, from the Toronto General Hospital to the Princess Margaret Cancer Centre, positions it as a national and international leader in healthcare. UHN's reputation for fostering a caring and creative environment, coupled with its emphasis on data-driven healthcare improvement, aligns perfectly with my career aspirations. I am excited about the opportunity to contribute to UHN's innovative projects and be part of a team that is making a significant impact on patient care and medical research.","With over 2+ years of experience as a Data Analyst, I have honed my skills in machine learning, data visualization, and big data analysis, making me well-suited for the Business Process & Data Analyst role at UHN. My experience in developing predictive models and optimizing data workflows has directly contributed to improved decision-making and operational efficiency in my previous roles. I have a proven track record of enhancing data processing efficiency by 40% and boosting sales projection accuracy by 15%. My proficiency in Python, SQL, and various business intelligence tools aligns with UHN's needs for advanced data analysis and governance. I am passionate about leveraging data to drive healthcare improvements and am eager to bring my expertise to UHN. Plus, I hope to master pizza-making before our interview call, adding a touch of creativity to my analytical skills."
"Python, Microsoft Excel, and customized and shrink-wrap computer software applications",data role,"ENTEGRA is a global leader in Ultra-High Resolution (UHR) pipeline in-line inspection technologies, constantly driving innovation in the pipeline integrity industry. Their mission to revolutionize in-line inspection with groundbreaking technologies and talented individuals is aligned with my passion for data analysis and technology. I am particularly impressed by ENTEGRA's commitment to excellence, safety, and continuous improvement. The company's forward-thinking culture and strong emphasis on integrity resonate with my professional values. The opportunity to contribute to ENTEGRA's global leadership and to grow within a dynamic and innovative environment excites me, as it perfectly complements my career aspirations in data analysis and pipeline inspection.","With over two years of experience as a Data Analyst, my background in machine learning, data visualization, and big data analysis makes me a strong fit for this role. My past achievements include developing predictive models that boosted sales projection accuracy by 15% and optimizing data workflows, resulting in a 30% efficiency improvement. I possess the required technical skills, including proficiency in Python and advanced Excel. My experience with cloud-based data processing and creating tailored reports aligns well with ENTEGRA's needs. I am passionate about the pipeline integrity industry and am eager to bring my expertise to ENTEGRA. Additionally, my continuous personal development, such as striving to master homemade pizza, highlights my commitment to growth and excellence."
"Python, Tableau, and SQL",data role,"The Toronto Blue Jays' mission is centered around excellence, both on and off the field, striving to create enriching experiences for their fans and promoting the love for baseball across Canada. As the only Major League Baseball team in Canada, the Blue Jays have fostered a unique market position with a strong fan base and cultural significance. Their commitment to innovation and excellence in business operations is evident through their robust strategy and analytics initiatives. The Blue Jays' reputation for inclusivity, diversity, and employee growth aligns with my values and career aspirations. I am excited about the opportunity to contribute to a team that is dedicated to leveraging data to enhance fan experience and drive business success, and I am enthusiastic about the potential for professional development within such a dynamic organization.","With over two years of experience as a Data Analyst, I have developed a robust skill set in business intelligence, data visualization, and big data analysis. My work at IA Flow Elements, including the development of predictive models and ETL automation scripts, has honed my ability to derive actionable insights from large datasets and improve decision-making processes. My proficiency in Python and Tableau aligns well with the Blue Jays' technical requirements. My passion for data-driven problem solving and creating impactful visualizations makes me a strong fit for this role. Additionally, my achievements, such as receiving the Rising Star Award, demonstrate my capability and dedication. I am eager to bring my skills and enthusiasm for data analysis to the Blue Jays' Strategy & Analytics team. Also, I hope to master my pizza-making skills before our interview call!"
"Azure Synapse, Azure Data Lake Store G2, and Python",data role,"Braintrust is renowned for its innovative approach to connecting top talent with leading companies, fostering a collaborative and dynamic work environment. Their mission to democratize access to high-quality freelance opportunities aligns with my career aspirations of working on impactful projects with cutting-edge technologies. Braintrust's commitment to leveraging advanced AI and data analytics to drive business success resonates with my passion for data-driven decision-making. I am particularly excited about the opportunity to contribute to Braintrust's growth and success, while also advancing my own skills in a supportive and forward-thinking company culture.","With over 2+ years of experience as a Data Analyst, I have honed my skills in Python, data visualization, and machine learning, making me a strong fit for this role. My experience with Azure and AWS, along with my ability to develop predictive models and optimize data workflows, demonstrates my capability to handle complex data tasks. I have a proven track record of enhancing business process efficiency and decision support through tailored data solutions. My bilingual proficiency in English and Spanish ensures effective communication within a diverse team. Additionally, my passion for continuous learning and my enthusiasm for mastering pizza-making before our interview call reflect my dedication and well-rounded personality."
"Power BI, SQL, and Python",data role,"GRICS has been a cornerstone in the educational technology sector in Quebec for over 35 years, developing and supporting a comprehensive range of data management solutions tailored for the educational environment. Their commitment to innovation and excellence in educational technology aligns perfectly with my passion for leveraging data to drive meaningful insights and improvements. The company's reputation for fostering a stimulating, human, and convivial work environment, combined with their flexible work arrangements and strong emphasis on professional development, makes GRICS an ideal place for me to grow my career. I am particularly excited about the opportunity to contribute to GRICS' mission of enhancing educational outcomes through advanced data solutions and to be part of a dynamic team that values diversity, equity, and inclusion.","With over 2+ years of experience as a Data Analyst, I have honed my skills in machine learning, data visualization, and big data analysis, making me well-suited for the role of Business Intelligence Analyst at GRICS. My experience in developing predictive models, optimizing data workflows, and creating tailored dashboards aligns perfectly with the job requirements. Notably, I have successfully led projects that improved data processing efficiency by 40% and enhanced decision-making accuracy by 15%. My proficiency with tools like Power BI, SQL, and ETL/ELT processes, combined with my strong analytical and communication skills, will enable me to effectively contribute to GRICS' data-driven initiatives. I am passionate about the educational technology sector and am eager to bring my expertise to GRICS while continuing my quest to perfect my homemade pizza before our interview call."
"Python, Computer network support, and Radio direction-finding",IT role,"The Canadian Armed Forces (CAF) is renowned for its commitment to national security and excellence in service. The CAF's mission to protect Canada and its interests aligns with my personal values of dedication and service. The Signals Intelligence Specialist role is crucial in safeguarding sensitive information and ensuring secure communications, which is a testament to the CAF's advanced technological capabilities and strategic importance. The opportunity to work in a high-security, restricted-access facility and be part of a team that handles critical information is incredibly exciting. The CAF's reputation for rigorous training and professional development aligns perfectly with my career aspirations to grow and excel in the field of intelligence and cybersecurity. I am particularly drawn to the CAF's culture of teamwork, discipline, and continuous learning, which I believe will provide a fulfilling and challenging work environment.","With over 2+ years of experience as a Data Analyst, I have honed my skills in data processing, machine learning, and big data analysis, which are directly relevant to the Signals Intelligence Specialist role. My experience in developing predictive models, optimizing data workflows, and ensuring data accuracy demonstrates my ability to handle complex data and enhance decision-making processes. Additionally, my technical proficiency in Python, SQL, and various data visualization tools aligns well with the technical requirements of the job. My passion for unraveling data patterns and my background in engineering provide a strong foundation for understanding and analyzing electromagnetic activity. I am eager to bring my analytical skills and technical expertise to the CAF, contributing to the protection of national security. Plus, I am on a never-ending quest to perfect my homemade pizza, which I hope to master before our interview call!"
"Python, Machine Learning, and Data Visualization",data role,"Affirm's mission to reinvent credit by making it more honest and friendly resonates deeply with my values of transparency and fairness. The company's innovative 'buy now, pay later' service without hidden fees or compounding interest is a game-changer in the financial industry. Affirm's reputation for a people-first culture and its commitment to inclusivity and employee well-being are highly appealing. The opportunity to work in a remote-first environment while contributing to a company that is at the forefront of financial technology aligns perfectly with my career aspirations. I am excited about the potential to grow with Affirm and be part of a team that is driving significant change in the credit market.","With over 2 years of experience as a Data Analyst, I have honed my skills in machine learning, data visualization, and big data analysis, which are directly relevant to the Quantitative Analyst role at Affirm. My achievements include developing a predictive model that improved sales projections accuracy by 15% and boosting data processing efficiency by 40% through custom Python scripts for ETL automation. My experience in building data-driven models and optimizing business processes aligns well with Affirm's needs. I am passionate about the financial technology industry and eager to contribute to Affirm's mission. Plus, I hope to master my homemade pizza-making skills before our interview call!"
"SQL, Tableau, and Python",data role,"Alberta Health Services (AHS) is renowned for its commitment to providing high-quality healthcare services to the people of Alberta. Their mission to promote wellness and improve health outcomes aligns with my passion for using data to drive meaningful change. AHS's focus on innovation and continuous improvement in workplace health and safety is particularly inspiring. The opportunity to contribute to a team that values data-driven decision-making and supports the well-being of healthcare workers is incredibly motivating. I am excited about the potential to grow within an organization that is a leader in healthcare and to be part of a culture that prioritizes excellence, collaboration, and community impact.","With over 2+ years of experience as a Data Analyst, I have honed my skills in SQL, Tableau, and Snowflake, which are critical for this role. My experience in developing predictive models and optimizing data workflows has prepared me to provide sophisticated analytics and measures for Alberta Health Services. I have a proven track record of enhancing data processing efficiency and developing tailored dashboards that support strategic planning. My passion for data visualization and big data analysis, combined with my ability to present complex information in a user-friendly manner, aligns perfectly with the needs of AHS. Additionally, my enthusiasm for continuous learning and my goal to master pizza-making before our interview call reflect my commitment to both personal and professional growth."
"Python, Tableau, and neo4j",data role,"Ciena's commitment to a people-first philosophy and its focus on life-work integration resonate deeply with me. As a leading technology company, Ciena's mission to drive business priorities alongside meaningful social, community, and societal impact is inspiring. Their innovative products and services in the telecommunications sector, combined with a strong market position, make Ciena a standout employer. The company's inclusive and diverse culture, along with its emphasis on employee well-being and development, aligns perfectly with my career aspirations. I am excited about the opportunity to contribute to Ciena's growth and to be part of a team that values creativity, collaboration, and continuous learning.","With over 2+ years of experience as a Data Analyst, I have honed my skills in Python, data visualization, and machine learning, which are crucial for the Data Analyst role at Ciena. My achievements, such as engineering a predictive model that improved sales projections accuracy by 15% and boosting data processing efficiency by 40% through custom Python scripts, demonstrate my capability to deliver impactful results. My experience in developing advanced data visualizations and working with tools like Tableau aligns with Ciena's needs. I am passionate about the telecommunications industry and eager to apply my expertise to support Ciena's customers in their transformation journey. Plus, I hope to master pizza-making before our interview call!"
"Python, R, and SAS",data role,"I am thrilled at the prospect of joining AstraZeneca, a company renowned for its commitment to scientific innovation and global impact. AstraZeneca's mission to improve patient health through the discovery, development, and commercialization of prescription medicines resonates deeply with my passion for leveraging data to make meaningful contributions to healthcare. The company's focus on tackling some of the most serious diseases aligns perfectly with my desire to work on impactful and challenging projects. I am particularly impressed with AstraZeneca's dedication to sustainability and its recognition as a top employer, which speaks volumes about its positive culture and supportive work environment. The opportunity to work within a diverse, cross-functional, and agile team at AstraZeneca, contributing to cutting-edge drug development, matches my career aspirations to solve real-world problems while continuing to grow professionally.","With over 2+ years of experience as a Data Analyst, I have honed my skills in data analysis, machine learning, and data visualization. My expertise in Python, coupled with my ability to develop predictive models and automate data processing, makes me a strong fit for the Senior Statistician role. I have a proven track record of enhancing data processing efficiency and developing tailored dashboards to support strategic decision-making. Moreover, my recent academic pursuit of a Master of Engineering has equipped me with advanced analytical and research skills. My passion for solving complex problems and my drive to apply my scientific competence for the benefit of patients align seamlessly with AstraZeneca's needs. I am eager to contribute my expertise to innovative projects at AstraZeneca and am confident that my background in statistical methodology and clinical trial design will add significant value to your team. And on a lighter note, I hope to perfect my homemade pizza before our interview call, showcasing my knack for continuous improvement both professionally and personally."
"Python, SQL, and Spark",data role,"Affirm is a company that stands out for its mission to reinvent credit by making it more honest and friendly, providing consumers with the flexibility to buy now and pay later without hidden fees or compounding interest. Their commitment to transparency and consumer empowerment aligns with my values. Affirm's innovative approach to financial services, coupled with its strong market position, makes it an exciting place to work. The company's reputation for fostering a collaborative and inclusive culture is highly appealing. I am particularly drawn to Affirm's focus on leveraging data and advanced analytics to drive business decisions, which aligns perfectly with my career aspirations in quantitative research and data science. I am excited about the opportunity to contribute to Affirm's growth and help shape the future of consumer finance.","With over 2 years of experience as a Data Analyst, I have honed my skills in machine learning, data visualization, and big data analysis, which are directly relevant to the Quantitative Analyst II role at Affirm. My experience in developing predictive models and optimizing data workflows has equipped me with the analytical and problem-solving skills needed for this position. Notably, I engineered a predictive model that improved sales projections accuracy by 15% and boosted data processing efficiency by 40% through custom Python scripts. My background in Python, SQL, and cloud technologies like AWS aligns well with Affirm's technical requirements. I am passionate about data and eager to learn more about Affirm's business to drive impactful insights. Additionally, I am on a quest to perfect my homemade pizza, and I hope to master it before our interview call!"
"Python, Machine Learning, and Data Analysis",data role,"BHP is a global leader in the resources sector, known for its commitment to sustainability and innovation. The company's mission to create long-term shareholder value through the discovery, acquisition, development, and marketing of natural resources aligns with my career aspirations in predictive analytics and data science. BHP's significant investment in the Jansen project, which is set to become one of the largest potash mines in the world, demonstrates its forward-thinking approach and dedication to sustainable development. The company's inclusive culture and focus on diversity resonate with my values, and I am excited about the opportunity to contribute to a project of such scale and impact. Joining BHP would allow me to grow professionally while being part of a team that is making a meaningful difference in the industry.","With over 2+ years of experience as a Data Analyst, I have developed a strong foundation in predictive analytics, machine learning, and data visualization. My experience in engineering predictive models to forecast sales trends and optimizing data processing workflows aligns well with the requirements of the Predictive Analytics Specialist role at BHP. I have a proven track record of enhancing decision-making accuracy and improving data handling efficiency, which are critical for developing and implementing predictive maintenance solutions. My proficiency in Python, SQL, and various data analysis tools, combined with my passion for the mining industry, makes me a strong fit for this role. Additionally, my enthusiasm for continuous learning and my goal to master pizza-making before the interview call reflect my dedication to both personal and professional growth."
"Python, SQL, and Excel",data role,"Neighbourly Pharmacy's mission to provide accessible and high-quality pharmaceutical services aligns with my passion for leveraging data to drive impactful decisions. The company's impressive growth, as evidenced by its recognition on the Globe and Mail’s Top Growing Companies list and as one of Canada’s Best Managed Companies, speaks to its innovative and forward-thinking culture. I am particularly excited about the opportunity to contribute to a company that values data-driven insights and has a strong reputation for excellence and community focus. Neighbourly Pharmacy's commitment to continuous improvement and its supportive environment make it an ideal place for me to grow my career and make meaningful contributions.","With over 2+ years of experience as a Data Analyst, I have honed my skills in Python, SQL, and data visualization, which are crucial for the Data Analyst role at Neighbourly Pharmacy. My experience in developing predictive models and automating data processes has led to significant improvements in decision-making accuracy and operational efficiency. I have a proven track record of collaborating with cross-functional teams to deliver actionable insights and optimize data workflows. My passion for data analysis and my proactive attitude align perfectly with Neighbourly Pharmacy's needs. Additionally, I am excited to bring my enthusiasm for continuous learning and my goal of mastering pizza-making to the team before our interview call."
